{"zap1": 0.55, "skip1": 0.3, "wapiti1": 0.5, "nikto1": 0.25, "nuclei1": 0.4, "wapiti2": 0.65, "nuclei2": 0.35, "zap3": 0.6400000000000001, "skip3": 0.5700000000000002, "wapiti3": 0.5900000000000001, "nikto3": 0.5320000000000003, "nuclei3": 0.6820000000000003, "skip4": 0.4, "nuclei4": 0.6, "zap5": 0.496, "nikto5": 0.52, "zap6": 0.55, "skip6": 0.3, "nikto6": 0.25, "nuclei6": 0.4, "zap7": 0.65, "wapiti7": 0.5, "nuclei7": 0.25, "zap8": 0.516, "nikto8": 0.37000000000000016, "nuclei8": 0.42000000000000015, "zap9": 0.646, "wapiti9": 0.52, "nuclei9": 0.246, "nikto10": 0.5, "nuclei10": 0.5, "zap11": 1, "zap12": 0.55, "skip12": 0.5, "wapiti12": 0.25, "nuclei12": 0.3, "skip13": 0.5, "nuclei13": 0.5, "skip14": 0.5, "nuclei14": 0.5}